suit_INclass834, 224
suit_INclass906, 46
plane_INclass404, 37
eagle_INclass22, 224
eagle_INclass21, 224
horse_INclass339, 224
horse_INclass603, 224
bike_INclass444, 224
bike_INclass665, 224
bike_INclass671, 224
bike_INclass612, 224
bike_INclass870, 224
ship_INclass403, 224
ship_INclass628, 224
ship_INclass510, 224
ship_INclass554, 224
ship_INclass625, 224
fly_INclass308, 224
glasses_INclass836, 46
glasses_INclass837, 224
car_INclass817, 224
car_INclass468, 224
car_INclass511, 224
car_INclass609, 224
car_INclass751, 224
car_INclass627, 224
car_INclass654, 224
car_INclass656, 224
car_INclass407, 224
car_INclass436, 224
